{
  "afghanistan": {
  "name_ar": "أفغانستان",
  "name_en": "Afghanistan",
  "native_name": "افغانستان",
  "capital": "كابول",
  "en_capital": "Kabul",
  "alpha_2": "AF",
  "code": "AFG",
  "phone_code": "93"
  },
  "Ålandislands": {
  "name_ar": "جزر آلاند",
  "name_en": "Åland Islands",
  "native_name": "Åland",
  "capital": "ماريهامن",
  "en_capital": "Mariehamn",
  "alpha_2": "AX",
  "code": "ALA",
  "phone_code": "358"
  },
  "albania": {
  "name_ar": "ألبانيا",
  "name_en": "Albania",
  "native_name": "Shqipëria",
  "capital": "تيرانا",
  "en_capital": "Tirana",
  "alpha_2": "AL",
  "code": "ALB",
  "phone_code": "355"
  },
  "algeria": {
  "name_ar": "الجزائر",
  "name_en": "Algeria",
  "native_name": "الجزائر",
  "capital": "الجزائر",
  "en_capital": "Algiers",
  "alpha_2": "DZ",
  "code": "DZA",
  "phone_code": "213"
  },
  "americansamoa": {
  "name_ar": "ساموا الأمريكية",
  "name_en": "American Samoa",
  "native_name": "American Samoa",
  "capital": "باجو باجو",
  "en_capital": "Pago Pago",
  "alpha_2": "AS",
  "code": "ASM",
  "phone_code": "1684"
  },
  "andorra": {
  "name_ar": "أندورا",
  "name_en": "Andorra",
  "native_name": "Andorra",
  "capital": "أندورا لا فيلا",
  "en_capital": "Andorra la Vella",
  "alpha_2": "AD",
  "code": "AND",
  "phone_code": "376"
  },
  "angola": {
  "name_ar": "أنغولا",
  "name_en": "Angola",
  "native_name": "Angola",
  "capital": "لواندا",
  "en_capital": "Luanda",
  "alpha_2": "AO",
  "code": "AGO",
  "phone_code": "244"
  },
  "anguilla": {
  "name_ar": "أنغيلا",
  "name_en": "Anguilla",
  "native_name": "Anguilla",
  "capital": "وادي",
  "en_capital": "The Valley",
  "alpha_2": "AI",
  "code": "AIA",
  "phone_code": "1264"
  },
  "antiguaandbarbuda": {
  "name_ar": "أنتيغوا وبربودا",
  "name_en": "Antigua and Barbuda",
  "native_name": "Antigua and Barbuda",
  "capital": "سانت جون",
  "en_capital": "Saint John's",
  "alpha_2": "AG",
  "code": "ATG",
  "phone_code": "1268"
  },
  "argentina": {
  "name_ar": "الأرجنتين",
  "name_en": "Argentina",
  "native_name": "Argentina",
  "capital": "بوينس آيرس",
  "en_capital": "Buenos Aires",
  "alpha_2": "AR",
  "code": "ARG",
  "phone_code": "54"
  },
  "armenia": {
  "name_ar": "أرمينيا",
  "name_en": "Armenia",
  "native_name": "Հայաստան",
  "capital": "يريفان",
  "en_capital": "Yerevan",
  "alpha_2": "AM",
  "code": "ARM",
  "phone_code": "374"
  },
  "aruba": {
  "name_ar": "أروبا",
  "name_en": "Aruba",
  "native_name": "Aruba",
  "capital": "اورانجستاد",
  "en_capital": "Oranjestad",
  "alpha_2": "AW",
  "code": "ABW",
  "phone_code": "297"
  },
  "australia": {
  "name_ar": "أستراليا",
  "name_en": "Australia",
  "native_name": "Australia",
  "capital": "كانبيرا",
  "en_capital": "Canberra",
  "alpha_2": "AU",
  "code": "AUS",
  "phone_code": "61"
  },
  "austria": {
  "name_ar": "النمسا",
  "name_en": "Austria",
  "native_name": "Österreich",
  "capital": "فيينا",
  "en_capital": "Vienna",
  "alpha_2": "AT",
  "code": "AUT",
  "phone_code": "43"
  },
  "azerbaijan": {
  "name_ar": "أذربيجان",
  "name_en": "Azerbaijan",
  "native_name": "Azərbaycan",
  "capital": "باكو",
  "en_capital": "Baku",
  "alpha_2": "AZ",
  "code": "AZE",
  "phone_code": "994"
  },
  "thebahamas": {
  "name_ar": "جزر البهاما",
  "name_en": "The Bahamas",
  "native_name": "Bahamas",
  "capital": "ناسو",
  "en_capital": "Nassau",
  "alpha_2": "BS",
  "code": "BHS",
  "phone_code": "1242"
  },
  "bahrain": {
  "name_ar": "البحرين",
  "name_en": "Bahrain",
  "native_name": "‏البحرين",
  "capital": "المنامة",
  "en_capital": "Manama",
  "alpha_2": "BH",
  "code": "BHR",
  "phone_code": "973"
  },
  "bangladesh": {
  "name_ar": "بنغلاديش",
  "name_en": "Bangladesh",
  "native_name": "Bangladesh",
  "capital": "دكا",
  "en_capital": "Dhaka",
  "alpha_2": "BD",
  "code": "BGD",
  "phone_code": "880"
  },
  "barbados": {
  "name_ar": "بربادوس",
  "name_en": "Barbados",
  "native_name": "Barbados",
  "capital": "بريدجتاون",
  "en_capital": "Bridgetown",
  "alpha_2": "BB",
  "code": "BRB",
  "phone_code": "1246"
  },
  "belarus": {
  "name_ar": "بيلاروس",
  "name_en": "Belarus",
  "native_name": "Белару́сь",
  "capital": "مينسك",
  "en_capital": "Minsk",
  "alpha_2": "BY",
  "code": "BLR",
  "phone_code": "375"
  },
  "belgium": {
  "name_ar": "بلجيكا",
  "name_en": "Belgium",
  "native_name": "België",
  "capital": "بروكسل",
  "en_capital": "Brussels",
  "alpha_2": "BE",
  "code": "BEL",
  "phone_code": "32"
  },
  "belize": {
  "name_ar": "بليز",
  "name_en": "Belize",
  "native_name": "Belize",
  "capital": "بلموبان",
  "en_capital": "Belmopan",
  "alpha_2": "BZ",
  "code": "BLZ",
  "phone_code": "501"
  },
  "benin": {
  "name_ar": "بنن",
  "name_en": "Benin",
  "native_name": "Bénin",
  "capital": "بورتو نوفو",
  "en_capital": "Porto-Novo",
  "alpha_2": "BJ",
  "code": "BEN",
  "phone_code": "229"
  },
  "bermuda": {
  "name_ar": "برمودا",
  "name_en": "Bermuda",
  "native_name": "Bermuda",
  "capital": "هاميلتون",
  "en_capital": "Hamilton",
  "alpha_2": "BM",
  "code": "BMU",
  "phone_code": "1441"
  },
  "bhutan": {
  "name_ar": "بوتان",
  "name_en": "Bhutan",
  "native_name": "ʼbrug-yul",
  "capital": "تيمفو",
  "en_capital": "Thimphu",
  "alpha_2": "BT",
  "code": "BTN",
  "phone_code": "975"
  },
  "bolivia": {
  "name_ar": "بوليفيا",
  "name_en": "Bolivia",
  "native_name": "Bolivia",
  "capital": "سوكري",
  "en_capital": "Sucre",
  "alpha_2": "BO",
  "code": "BOL",
  "phone_code": "591"
  },
  "bonaire": {
  "name_ar": "بونير",
  "name_en": "Bonaire",
  "native_name": "Bonaire",
  "capital": "كرالنديجك",
  "en_capital": "Kralendijk",
  "alpha_2": "BQ",
  "code": "BES",
  "phone_code": "5997"
  },
  "botswana": {
  "name_ar": "بوتسوانا",
  "name_en": "Botswana",
  "native_name": "Botswana",
  "capital": "غابورون",
  "en_capital": "Gaborone",
  "alpha_2": "BW",
  "code": "BWA",
  "phone_code": "267"
  },
  "brazil": {
  "name_ar": "البرازيل",
  "name_en": "Brazil",
  "native_name": "Brasil",
  "capital": "برازيليا",
  "en_capital": "Brasília",
  "alpha_2": "BR",
  "code": "BRA",
  "phone_code": "55"
  },
  "britishindianoceanterritory": {
  "name_ar": "إقليم المحيط الهندي البريطاني",
  "name_en": "British Indian Ocean Territory",
  "native_name": "British Indian Ocean Territory",
  "capital": "دييغو غارسيا",
  "en_capital": "Diego Garcia",
  "alpha_2": "IO",
  "code": "IOT",
  "phone_code": "246"
  },
  "britishvirginislands": {
  "name_ar": "جزر فيرجن البريطانية",
  "name_en": "British Virgin Islands",
  "native_name": "British Virgin Islands",
  "capital": "رود تاون",
  "en_capital": "Road Town",
  "alpha_2": "VG",
  "code": "VGB",
  "phone_code": "1284"
  },
  "brunei": {
  "name_ar": "بروناي",
  "name_en": "Brunei",
  "native_name": "Negara Brunei Darussalam",
  "capital": "بندر سيري بيغاوان",
  "en_capital": "Bandar Seri Begawan",
  "alpha_2": "BN",
  "code": "BRN",
  "phone_code": "673"
  },
  "bulgaria": {
  "name_ar": "بلغاريا",
  "name_en": "Bulgaria",
  "native_name": "България",
  "capital": "صوفيا",
  "en_capital": "Sofia",
  "alpha_2": "BG",
  "code": "BGR",
  "phone_code": "359"
  },
  "burkinafaso": {
  "name_ar": "بوركينا فاسو",
  "name_en": "Burkina Faso",
  "native_name": "Burkina Faso",
  "capital": "واغادوغو",
  "en_capital": "Ouagadougou",
  "alpha_2": "BF",
  "code": "BFA",
  "phone_code": "226"
  },
  "burundi": {
  "name_ar": "بوروندي",
  "name_en": "Burundi",
  "native_name": "Burundi",
  "capital": "بوجومبورا",
  "en_capital": "Bujumbura",
  "alpha_2": "BI",
  "code": "BDI",
  "phone_code": "257"
  },
  "cambodia": {
  "name_ar": "كمبوديا",
  "name_en": "Cambodia",
  "native_name": "Kâmpŭchéa",
  "capital": "بنوم بنه",
  "en_capital": "Phnom Penh",
  "alpha_2": "KH",
  "code": "KHM",
  "phone_code": "855"
  },
  "cameroon": {
  "name_ar": "الكاميرون",
  "name_en": "Cameroon",
  "native_name": "Cameroon",
  "capital": "ياوندي",
  "en_capital": "Yaoundé",
  "alpha_2": "CM",
  "code": "CMR",
  "phone_code": "237"
  },
  "canada": {
  "name_ar": "كندا",
  "name_en": "Canada",
  "native_name": "Canada",
  "capital": "أوتاوا",
  "en_capital": "Ottawa",
  "alpha_2": "CA",
  "code": "CAN",
  "phone_code": "1"
  },
  "capeverde": {
  "name_ar": "الرأس الأخضر",
  "name_en": "Cape Verde",
  "native_name": "Cabo Verde",
  "capital": "برايا",
  "en_capital": "Praia",
  "alpha_2": "CV",
  "code": "CPV",
  "phone_code": "238"
  },
  "caymanislands": {
  "name_ar": "جزر كايمان",
  "name_en": "Cayman Islands",
  "native_name": "Cayman Islands",
  "capital": "جورج تاون",
  "en_capital": "George Town",
  "alpha_2": "KY",
  "code": "CYM",
  "phone_code": "1345"
  },
  "centralafricanrepublic": {
  "name_ar": "جمهورية أفريقيا الوسطى",
  "name_en": "Central African Republic",
  "native_name": "Ködörösêse tî Bêafrîka",
  "capital": "بانغي",
  "en_capital": "Bangui",
  "alpha_2": "CF",
  "code": "CAF",
  "phone_code": "236"
  },
  "chad": {
  "name_ar": "تشاد",
  "name_en": "Chad",
  "native_name": "Tchad",
  "capital": "نجامينا",
  "en_capital": "N'Djamena",
  "alpha_2": "TD",
  "code": "TCD",
  "phone_code": "235"
  },
  "chile": {
  "name_ar": "شيلي",
  "name_en": "Chile",
  "native_name": "Chile",
  "capital": "سانتياغو",
  "en_capital": "Santiago",
  "alpha_2": "CL",
  "code": "CHL",
  "phone_code": "56"
  },
  "china": {
  "name_ar": "الصين",
  "name_en": "China",
  "native_name": "中国",
  "capital": "بكين",
  "en_capital": "Beijing",
  "alpha_2": "CN",
  "code": "CHN",
  "phone_code": "86"
  },
  "christmasisland": {
  "name_ar": "جزيرة عيد الميلاد",
  "name_en": "Christmas Island",
  "native_name": "Christmas Island",
  "capital": "ذي سيتلمنت",
  "en_capital": "Flying Fish Cove",
  "alpha_2": "CX",
  "code": "CXR",
  "phone_code": "61"
  },
  "cocos(keeling)islands": {
  "name_ar": "كوكوس (كيلينغ جزر",
  "name_en": "Cocos (Keeling) Islands",
  "native_name": "Cocos (Keeling) Islands",
  "capital": "غرب الجزيرة",
  "en_capital": "West Island",
  "alpha_2": "CC",
  "code": "CCK",
  "phone_code": "61"
  },
  "colombia": {
  "name_ar": "كولومبيا",
  "name_en": "Colombia",
  "native_name": "Colombia",
  "capital": "بوغوتا",
  "en_capital": "Bogotá",
  "alpha_2": "CO",
  "code": "COL",
  "phone_code": "57"
  },
  "comoros": {
  "name_ar": "جزر القمر",
  "name_en": "Comoros",
  "native_name": "Komori",
  "capital": "موروني",
  "en_capital": "Moroni",
  "alpha_2": "KM",
  "code": "COM",
  "phone_code": "269"
  },
  "republicofthecongo": {
  "name_ar": "جمهورية الكونغو",
  "name_en": "Republic of the Congo",
  "native_name": "République du Congo",
  "capital": "برازافيل",
  "en_capital": "Brazzaville",
  "alpha_2": "CG",
  "code": "COG",
  "phone_code": "242"
  },
  "democraticrepublicofthecongo": {
  "name_ar": "جمهورية الكونغو الديمقراطية",
  "name_en": "Democratic Republic of the Congo",
  "native_name": "République démocratique du Congo",
  "capital": "كينشاسا",
  "en_capital": "Kinshasa",
  "alpha_2": "CD",
  "code": "COD",
  "phone_code": "243"
  },
  "cookislands": {
  "name_ar": "جزر كوك",
  "name_en": "Cook Islands",
  "native_name": "Cook Islands",
  "capital": "أفاروا",
  "en_capital": "Avarua",
  "alpha_2": "CK",
  "code": "COK",
  "phone_code": "682"
  },
  "costarica": {
  "name_ar": "كوستاريكا",
  "name_en": "Costa Rica",
  "native_name": "Costa Rica",
  "capital": "سان خوسيه",
  "en_capital": "San José",
  "alpha_2": "CR",
  "code": "CRI",
  "phone_code": "506"
  },
  "croatia": {
  "name_ar": "كرواتيا",
  "name_en": "Croatia",
  "native_name": "Hrvatska",
  "capital": "زغرب",
  "en_capital": "Zagreb",
  "alpha_2": "HR",
  "code": "HRV",
  "phone_code": "385"
  },
  "cuba": {
  "name_ar": "كوبا",
  "name_en": "Cuba",
  "native_name": "Cuba",
  "capital": "هافانا",
  "en_capital": "Havana",
  "alpha_2": "CU",
  "code": "CUB",
  "phone_code": "53"
  },
  "curaçao": {
  "name_ar": "كوراساو",
  "name_en": "Curaçao",
  "native_name": "Curaçao",
  "capital": "وليمستاد",
  "en_capital": "Willemstad",
  "alpha_2": "CW",
  "code": "CUW",
  "phone_code": "5999"
  },
  "cyprus": {
  "name_ar": "قبرص",
  "name_en": "Cyprus",
  "native_name": "Κύπρος",
  "capital": "نيقوسيا",
  "en_capital": "Nicosia",
  "alpha_2": "CY",
  "code": "CYP",
  "phone_code": "357"
  },
  "czechrepublic": {
  "name_ar": "الجمهورية التشيكية",
  "name_en": "Czech Republic",
  "native_name": "Česká republika",
  "capital": "براغ",
  "en_capital": "Prague",
  "alpha_2": "CZ",
  "code": "CZE",
  "phone_code": "420"
  },
  "denmark": {
  "name_ar": "الدانمرك",
  "name_en": "Denmark",
  "native_name": "Danmark",
  "capital": "كوبنهاغن",
  "en_capital": "Copenhagen",
  "alpha_2": "DK",
  "code": "DNK",
  "phone_code": "45"
  },
  "djibouti": {
  "name_ar": "جيبوتي",
  "name_en": "Djibouti",
  "native_name": "Djibouti",
  "capital": "جيبوتي",
  "en_capital": "Djibouti",
  "alpha_2": "DJ",
  "code": "DJI",
  "phone_code": "253"
  },
  "dominica": {
  "name_ar": "دومينيكا",
  "name_en": "Dominica",
  "native_name": "Dominica",
  "capital": "روزيو",
  "en_capital": "Roseau",
  "alpha_2": "DM",
  "code": "DMA",
  "phone_code": "1767"
  },
  "dominicanrepublic": {
  "name_ar": "الجمهورية الدومينيكية",
  "name_en": "Dominican Republic",
  "native_name": "República Dominicana",
  "capital": "سانتو دومينغو",
  "en_capital": "Santo Domingo",
  "alpha_2": "DO",
  "code": "DOM",
  "phone_code": "1809"
  },
  "ecuador": {
  "name_ar": "إكوادور",
  "name_en": "Ecuador",
  "native_name": "Ecuador",
  "capital": "كيتو",
  "en_capital": "Quito",
  "alpha_2": "EC",
  "code": "ECU",
  "phone_code": "593"
  },
  "egypt": {
  "name_ar": "مصر",
  "name_en": "Egypt",
  "native_name": "مصر‎",
  "capital": "القاهرة",
  "en_capital": "Cairo",
  "alpha_2": "EG",
  "code": "EGY",
  "phone_code": "20"
  },
  "elsalvador": {
  "name_ar": "السلفادور",
  "name_en": "El Salvador",
  "native_name": "El Salvador",
  "capital": "سان سلفادور",
  "en_capital": "San Salvador",
  "alpha_2": "SV",
  "code": "SLV",
  "phone_code": "503"
  },
  "equatorialguinea": {
  "name_ar": "غينيا الاستوائية",
  "name_en": "Equatorial Guinea",
  "native_name": "Guinea Ecuatorial",
  "capital": "مالابو",
  "en_capital": "Malabo",
  "alpha_2": "GQ",
  "code": "GNQ",
  "phone_code": "240"
  },
  "eritrea": {
  "name_ar": "إريتريا",
  "name_en": "Eritrea",
  "native_name": "ኤርትራ",
  "capital": "أسمرة",
  "en_capital": "Asmara",
  "alpha_2": "ER",
  "code": "ERI",
  "phone_code": "291"
  },
  "estonia": {
  "name_ar": "إستونيا",
  "name_en": "Estonia",
  "native_name": "Eesti",
  "capital": "تالين",
  "en_capital": "Tallinn",
  "alpha_2": "EE",
  "code": "EST",
  "phone_code": "372"
  },
  "ethiopia": {
  "name_ar": "إثيوبيا",
  "name_en": "Ethiopia",
  "native_name": "ኢትዮጵያ",
  "capital": "أديس أبابا",
  "en_capital": "Addis Ababa",
  "alpha_2": "ET",
  "code": "ETH",
  "phone_code": "251"
  },
  "falklandislands": {
  "name_ar": "جزر فوكلاند",
  "name_en": "Falkland Islands",
  "native_name": "Falkland Islands",
  "capital": "ستانلي",
  "en_capital": "Stanley",
  "alpha_2": "FK",
  "code": "FLK",
  "phone_code": "500"
  },
  "faroeislands": {
  "name_ar": "جزر فارو",
  "name_en": "Faroe Islands",
  "native_name": "Føroyar",
  "capital": "تورشافن",
  "en_capital": "Tórshavn",
  "alpha_2": "FO",
  "code": "FRO",
  "phone_code": "298"
  },
  "fiji": {
  "name_ar": "فيجي",
  "name_en": "Fiji",
  "native_name": "Fiji",
  "capital": "سوفا",
  "en_capital": "Suva",
  "alpha_2": "FJ",
  "code": "FJI",
  "phone_code": "679"
  },
  "finland": {
  "name_ar": "فنلندا",
  "name_en": "Finland",
  "native_name": "Suomi",
  "capital": "هلسنكي",
  "en_capital": "Helsinki",
  "alpha_2": "FI",
  "code": "FIN",
  "phone_code": "358"
  },
  "france": {
  "name_ar": "فرنسا",
  "name_en": "France",
  "native_name": "France",
  "capital": "باريس",
  "en_capital": "Paris",
  "alpha_2": "FR",
  "code": "FRA",
  "phone_code": "33"
  },
  "frenchguiana": {
  "name_ar": "غويانا الفرنسية",
  "name_en": "French Guiana",
  "native_name": "Guyane française",
  "capital": "كايين",
  "en_capital": "Cayenne",
  "alpha_2": "GF",
  "code": "GUF",
  "phone_code": "594"
  },
  "frenchpolynesia": {
  "name_ar": "بولينيزيا الفرنسية",
  "name_en": "French Polynesia",
  "native_name": "Polynésie française",
  "capital": "Papeetē",
  "en_capital": "Papeetē",
  "alpha_2": "PF",
  "code": "PYF",
  "phone_code": "689"
  },
  "frenchsouthernandantarcticlands": {
  "name_ar": "الأراضي الفرنسية الجنوبية والقطبية الجنوبية",
  "name_en": "French Southern and Antarctic Lands",
  "native_name": "Territoire des Terres australes et antarctiques françaises",
  "capital": "بورت-اوكس-فرانكايس",
  "en_capital": "Port-aux-Français",
  "alpha_2": "TF",
  "code": "ATF",
  "phone_code": "262"
  },
  "gabon": {
  "name_ar": "غابون",
  "name_en": "Gabon",
  "native_name": "Gabon",
  "capital": "ليبرفيل",
  "en_capital": "Libreville",
  "alpha_2": "GA",
  "code": "GAB",
  "phone_code": "241"
  },
  "thegambia": {
  "name_ar": "غامبيا",
  "name_en": "The Gambia",
  "native_name": "Gambia",
  "capital": "بانجول",
  "en_capital": "Banjul",
  "alpha_2": "GM",
  "code": "GMB",
  "phone_code": "220"
  },
  "georgia": {
  "name_ar": "جورجيا",
  "name_en": "Georgia",
  "native_name": "საქართველო",
  "capital": "تبليسي",
  "en_capital": "Tbilisi",
  "alpha_2": "GE",
  "code": "GEO",
  "phone_code": "995"
  },
  "germany": {
  "name_ar": "ألمانيا",
  "name_en": "Germany",
  "native_name": "Deutschland",
  "capital": "برلين",
  "en_capital": "Berlin",
  "alpha_2": "DE",
  "code": "DEU",
  "phone_code": "49"
  },
  "ghana": {
  "name_ar": "غانا",
  "name_en": "Ghana",
  "native_name": "Ghana",
  "capital": "أكرا",
  "en_capital": "Accra",
  "alpha_2": "GH",
  "code": "GHA",
  "phone_code": "233"
  },
  "gibraltar": {
  "name_ar": "طارق",
  "name_en": "Gibraltar",
  "native_name": "Gibraltar",
  "capital": "طارق",
  "en_capital": "Gibraltar",
  "alpha_2": "GI",
  "code": "GIB",
  "phone_code": "350"
  },
  "greece": {
  "name_ar": "اليونان",
  "name_en": "Greece",
  "native_name": "Ελλάδα",
  "capital": "أثينا",
  "en_capital": "Athens",
  "alpha_2": "GR",
  "code": "GRC",
  "phone_code": "30"
  },
  "greenland": {
  "name_ar": "غرينلاند",
  "name_en": "Greenland",
  "native_name": "Kalaallit Nunaat",
  "capital": "نوك",
  "en_capital": "Nuuk",
  "alpha_2": "GL",
  "code": "GRL",
  "phone_code": "299"
  },
  "grenada": {
  "name_ar": "غرينادا",
  "name_en": "Grenada",
  "native_name": "Grenada",
  "capital": "سانت جورج",
  "en_capital": "St. George's",
  "alpha_2": "GD",
  "code": "GRD",
  "phone_code": "1473"
  },
  "guadeloupe": {
  "name_ar": "غوادلوب",
  "name_en": "Guadeloupe",
  "native_name": "Guadeloupe",
  "capital": "باس-تير",
  "en_capital": "Basse-Terre",
  "alpha_2": "GP",
  "code": "GLP",
  "phone_code": "590"
  },
  "guam": {
  "name_ar": "غوام",
  "name_en": "Guam",
  "native_name": "Guam",
  "capital": "هاغاتنا",
  "en_capital": "Hagåtña",
  "alpha_2": "GU",
  "code": "GUM",
  "phone_code": "1671"
  },
  "guatemala": {
  "name_ar": "غواتيمالا",
  "name_en": "Guatemala",
  "native_name": "Guatemala",
  "capital": "مدينة غواتيمالا",
  "en_capital": "Guatemala City",
  "alpha_2": "GT",
  "code": "GTM",
  "phone_code": "502"
  },
  "guernsey": {
  "name_ar": "غيرنسي",
  "name_en": "Guernsey",
  "native_name": "Guernsey",
  "capital": "سانت بيتر بورت",
  "en_capital": "St. Peter Port",
  "alpha_2": "GG",
  "code": "GGY",
  "phone_code": "44"
  },
  "guinea": {
  "name_ar": "غينيا",
  "name_en": "Guinea",
  "native_name": "Guinée",
  "capital": "كوناكري",
  "en_capital": "Conakry",
  "alpha_2": "GN",
  "code": "GIN",
  "phone_code": "224"
  },
  "guineabissau": {
  "name_ar": "غينيا-بيساو",
  "name_en": "Guinea-Bissau",
  "native_name": "Guiné-Bissau",
  "capital": "بيساو",
  "en_capital": "Bissau",
  "alpha_2": "GW",
  "code": "GNB",
  "phone_code": "245"
  },
  "guyana": {
  "name_ar": "غيانا",
  "name_en": "Guyana",
  "native_name": "Guyana",
  "capital": "جورج تاون",
  "en_capital": "Georgetown",
  "alpha_2": "GY",
  "code": "GUY",
  "phone_code": "592"
  },
  "haiti": {
  "name_ar": "هايتي",
  "name_en": "Haiti",
  "native_name": "Haïti",
  "capital": "Port-au-Prince",
  "en_capital": "Port-au-Prince",
  "alpha_2": "HT",
  "code": "HTI",
  "phone_code": "509"
  },
  "honduras": {
  "name_ar": "هندوراس",
  "name_en": "Honduras",
  "native_name": "Honduras",
  "capital": "تيغوسيغالبا",
  "en_capital": "Tegucigalpa",
  "alpha_2": "HN",
  "code": "HND",
  "phone_code": "504"
  },
  "hongkong": {
  "name_ar": "هونغ كونغ",
  "name_en": "Hong Kong",
  "native_name": "香港",
  "capital": "مدينة فيكتوريا",
  "en_capital": "City of Victoria",
  "alpha_2": "HK",
  "code": "HKG",
  "phone_code": "852"
  },
  "hungary": {
  "name_ar": "هنغاريا",
  "name_en": "Hungary",
  "native_name": "Magyarország",
  "capital": "بودابست",
  "en_capital": "Budapest",
  "alpha_2": "HU",
  "code": "HUN",
  "phone_code": "36"
  },
  "iceland": {
  "name_ar": "أيسلندا",
  "name_en": "Iceland",
  "native_name": "Ísland",
  "capital": "ريكيافيك",
  "en_capital": "Reykjavik",
  "alpha_2": "IS",
  "code": "ISL",
  "phone_code": "354"
  },
  "india": {
  "name_ar": "الهند",
  "name_en": "India",
  "native_name": "भारत",
  "capital": "نيودلهي",
  "en_capital": "New Delhi",
  "alpha_2": "IN",
  "code": "IND",
  "phone_code": "91"
  },
  "indonesia": {
  "name_ar": "إندونيسيا",
  "name_en": "Indonesia",
  "native_name": "Indonesia",
  "capital": "جاكرتا",
  "en_capital": "Jakarta",
  "alpha_2": "ID",
  "code": "IDN",
  "phone_code": "62"
  },
  "ivorycoast": {
  "name_ar": "ساحل العاج",
  "name_en": "Ivory Coast",
  "native_name": "Côte d'Ivoire",
  "capital": "ياموسوكرو",
  "en_capital": "Yamoussoukro",
  "alpha_2": "CI",
  "code": "CIV",
  "phone_code": "225"
  },
  "iran": {
  "name_ar": "إيران",
  "name_en": "Iran",
  "native_name": "Irān",
  "capital": "طهران",
  "en_capital": "Tehran",
  "alpha_2": "IR",
  "code": "IRN",
  "phone_code": "98"
  },
  "iraq": {
  "name_ar": "العراق",
  "name_en": "Iraq",
  "native_name": "العراق",
  "capital": "بغداد",
  "en_capital": "Baghdad",
  "alpha_2": "IQ",
  "code": "IRQ",
  "phone_code": "964"
  },
  "republicofireland": {
  "name_ar": "جمهورية أيرلندا",
  "name_en": "Republic of Ireland",
  "native_name": "Éire",
  "capital": "دبلن",
  "en_capital": "Dublin",
  "alpha_2": "IE",
  "code": "IRL",
  "phone_code": "353"
  },
  "isleofman": {
  "name_ar": "مان",
  "name_en": "Isle of Man",
  "native_name": "Isle of Man",
  "capital": "دوغلاس",
  "en_capital": "Douglas",
  "alpha_2": "IM",
  "code": "IMN",
  "phone_code": "44"
  },
  "israel": {
  "name_ar": "إسرائيل",
  "name_en": "Israel",
  "native_name": "יִשְׂרָאֵל",
  "capital": "تل أبيب",
  "en_capital": "Tel Aviv",
  "alpha_2": "IL",
  "code": "ISR",
  "phone_code": "972"
  },
  "italy": {
  "name_ar": "إيطاليا",
  "name_en": "Italy",
  "native_name": "Italia",
  "capital": "روما",
  "en_capital": "Rome",
  "alpha_2": "IT",
  "code": "ITA",
  "phone_code": "39"
  },
  "jamaica": {
  "name_ar": "جامايكا",
  "name_en": "Jamaica",
  "native_name": "Jamaica",
  "capital": "كينغستون",
  "en_capital": "Kingston",
  "alpha_2": "JM",
  "code": "JAM",
  "phone_code": "1876"
  },
  "japan": {
  "name_ar": "اليابان",
  "name_en": "Japan",
  "native_name": "日本",
  "capital": "طوكيو",
  "en_capital": "Tokyo",
  "alpha_2": "JP",
  "code": "JPN",
  "phone_code": "81"
  },
  "jordan": {
  "name_ar": "الأردن",
  "name_en": "Jordan",
  "native_name": "الأردن",
  "capital": "عمان",
  "en_capital": "Amman",
  "alpha_2": "JO",
  "code": "JOR",
  "phone_code": "962"
  },
  "kazakhstan": {
  "name_ar": "كازاخستان",
  "name_en": "Kazakhstan",
  "native_name": "Қазақстан",
  "capital": "أستانا",
  "en_capital": "Astana",
  "alpha_2": "KZ",
  "code": "KAZ",
  "phone_code": "76"
  },
  "kenya": {
  "name_ar": "كينيا",
  "name_en": "Kenya",
  "native_name": "Kenya",
  "capital": "نيروبي",
  "en_capital": "Nairobi",
  "alpha_2": "KE",
  "code": "KEN",
  "phone_code": "254"
  },
  "kiribati": {
  "name_ar": "كيريباس",
  "name_en": "Kiribati",
  "native_name": "Kiribati",
  "capital": "جنوب تاراوا",
  "en_capital": "South Tarawa",
  "alpha_2": "KI",
  "code": "KIR",
  "phone_code": "686"
  },
  "kuwait": {
  "name_ar": "الكويت",
  "name_en": "Kuwait",
  "native_name": "الكويت",
  "capital": "مدينة الكويت",
  "en_capital": "Kuwait City",
  "alpha_2": "KW",
  "code": "KWT",
  "phone_code": "965"
  },
  "kyrgyzstan": {
  "name_ar": "قيرغيزستان",
  "name_en": "Kyrgyzstan",
  "native_name": "Кыргызстан",
  "capital": "بيشكيك",
  "en_capital": "Bishkek",
  "alpha_2": "KG",
  "code": "KGZ",
  "phone_code": "996"
  },
  "laos": {
  "name_ar": "لاوس",
  "name_en": "Laos",
  "native_name": "ສປປລາວ",
  "capital": "فينتيان",
  "en_capital": "Vientiane",
  "alpha_2": "LA",
  "code": "LAO",
  "phone_code": "856"
  },
  "latvia": {
  "name_ar": "لاتفيا",
  "name_en": "Latvia",
  "native_name": "Latvija",
  "capital": "ريغا",
  "en_capital": "Riga",
  "alpha_2": "LV",
  "code": "LVA",
  "phone_code": "371"
  },
  "lebanon": {
  "name_ar": "لبنان",
  "name_en": "Lebanon",
  "native_name": "لبنان",
  "capital": "بيروت",
  "en_capital": "Beirut",
  "alpha_2": "LB",
  "code": "LBN",
  "phone_code": "961"
  },
  "lesotho": {
  "name_ar": "ليسوتو",
  "name_en": "Lesotho",
  "native_name": "Lesotho",
  "capital": "ماسيرو",
  "en_capital": "Maseru",
  "alpha_2": "LS",
  "code": "LSO",
  "phone_code": "266"
  },
  "liberia": {
  "name_ar": "ليبريا",
  "name_en": "Liberia",
  "native_name": "Liberia",
  "capital": "مونروفيا",
  "en_capital": "Monrovia",
  "alpha_2": "LR",
  "code": "LBR",
  "phone_code": "231"
  },
  "libya": {
  "name_ar": "ليبيا",
  "name_en": "Libya",
  "native_name": "‏ليبيا",
  "capital": "طرابلس",
  "en_capital": "Tripoli",
  "alpha_2": "LY",
  "code": "LBY",
  "phone_code": "218"
  },
  "liechtenstein": {
  "name_ar": "ليختنشتاين",
  "name_en": "Liechtenstein",
  "native_name": "Liechtenstein",
  "capital": "فادوز",
  "en_capital": "Vaduz",
  "alpha_2": "LI",
  "code": "LIE",
  "phone_code": "423"
  },
  "lithuania": {
  "name_ar": "ليتوانيا",
  "name_en": "Lithuania",
  "native_name": "Lietuva",
  "capital": "فيلنيوس",
  "en_capital": "Vilnius",
  "alpha_2": "LT",
  "code": "LTU",
  "phone_code": "370"
  },
  "luxembourg": {
  "name_ar": "لكسمبرغ",
  "name_en": "Luxembourg",
  "native_name": "Luxembourg",
  "capital": "لكسمبرغ",
  "en_capital": "Luxembourg",
  "alpha_2": "LU",
  "code": "LUX",
  "phone_code": "352"
  },
  "republicofmacedonia": {
  "name_ar": "جمهورية مقدونيا",
  "name_en": "Republic of Macedonia",
  "native_name": "Македонија",
  "capital": "سكوبي",
  "en_capital": "Skopje",
  "alpha_2": "MK",
  "code": "MKD",
  "phone_code": "389"
  },
  "madagascar": {
  "name_ar": "مدغشقر",
  "name_en": "Madagascar",
  "native_name": "Madagasikara",
  "capital": "أنتاناناريفو",
  "en_capital": "Antananarivo",
  "alpha_2": "MG",
  "code": "MDG",
  "phone_code": "261"
  },
  "malawi": {
  "name_ar": "ملاوي",
  "name_en": "Malawi",
  "native_name": "Malawi",
  "capital": "ليلونغوي",
  "en_capital": "Lilongwe",
  "alpha_2": "MW",
  "code": "MWI",
  "phone_code": "265"
  },
  "malaysia": {
  "name_ar": "ماليزيا",
  "name_en": "Malaysia",
  "native_name": "Malaysia",
  "capital": "كوالالمبور",
  "en_capital": "Kuala Lumpur",
  "alpha_2": "MY",
  "code": "MYS",
  "phone_code": "60"
  },
  "maldives": {
  "name_ar": "جزر المالديف",
  "name_en": "Maldives",
  "native_name": "Maldives",
  "capital": "ماليه",
  "en_capital": "Malé",
  "alpha_2": "MV",
  "code": "MDV",
  "phone_code": "960"
  },
  "mali": {
  "name_ar": "مالي",
  "name_en": "Mali",
  "native_name": "Mali",
  "capital": "باماكو",
  "en_capital": "Bamako",
  "alpha_2": "ML",
  "code": "MLI",
  "phone_code": "223"
  },
  "malta": {
  "name_ar": "مالطة",
  "name_en": "Malta",
  "native_name": "Malta",
  "capital": "فاليتا",
  "en_capital": "Valletta",
  "alpha_2": "MT",
  "code": "MLT",
  "phone_code": "356"
  },
  "marshallislands": {
  "name_ar": "جزر مارشال",
  "name_en": "Marshall Islands",
  "native_name": "M̧ajeļ",
  "capital": "ماجورو",
  "en_capital": "Majuro",
  "alpha_2": "MH",
  "code": "MHL",
  "phone_code": "692"
  },
  "martinique": {
  "name_ar": "مارتينيك",
  "name_en": "Martinique",
  "native_name": "Martinique",
  "capital": "Fort-de-France",
  "en_capital": "Fort-de-France",
  "alpha_2": "MQ",
  "code": "MTQ",
  "phone_code": "596"
  },
  "mauritania": {
  "name_ar": "موريتانيا",
  "name_en": "Mauritania",
  "native_name": "موريتانيا",
  "capital": "نواكشوط",
  "en_capital": "Nouakchott",
  "alpha_2": "MR",
  "code": "MRT",
  "phone_code": "222"
  },
  "mauritius": {
  "name_ar": "موريشيوس",
  "name_en": "Mauritius",
  "native_name": "Maurice",
  "capital": "بورت لويس",
  "en_capital": "Port Louis",
  "alpha_2": "MU",
  "code": "MUS",
  "phone_code": "230"
  },
  "mayotte": {
  "name_ar": "مايوت",
  "name_en": "Mayotte",
  "native_name": "Mayotte",
  "capital": "مامودزو",
  "en_capital": "Mamoudzou",
  "alpha_2": "YT",
  "code": "MYT",
  "phone_code": "262"
  },
  "mexico": {
  "name_ar": "المكسيك",
  "name_en": "Mexico",
  "native_name": "México",
  "capital": "مكسيكو سيتي",
  "en_capital": "Mexico City",
  "alpha_2": "MX",
  "code": "MEX",
  "phone_code": "52"
  },
  "federatedstatesofmicronesia": {
  "name_ar": "ميكرونيزيا (ولايات-الموحدة",
  "name_en": "Federated States of Micronesia",
  "native_name": "Micronesia",
  "capital": "Palikir",
  "en_capital": "Palikir",
  "alpha_2": "FM",
  "code": "FSM",
  "phone_code": "691"
  },
  "moldova": {
  "name_ar": "مولدوفا",
  "name_en": "Moldova",
  "native_name": "Moldova",
  "capital": "Chișinău",
  "en_capital": "Chișinău",
  "alpha_2": "MD",
  "code": "MDA",
  "phone_code": "373"
  },
  "monaco": {
  "name_ar": "موناكو",
  "name_en": "Monaco",
  "native_name": "Monaco",
  "capital": "موناكو",
  "en_capital": "Monaco",
  "alpha_2": "MC",
  "code": "MCO",
  "phone_code": "377"
  },
  "mongolia": {
  "name_ar": "منغوليا",
  "name_en": "Mongolia",
  "native_name": "Монгол улс",
  "capital": "أولان باتور",
  "en_capital": "Ulan Bator",
  "alpha_2": "MN",
  "code": "MNG",
  "phone_code": "976"
  },
  "montenegro": {
  "name_ar": "الأسود",
  "name_en": "Montenegro",
  "native_name": "Црна Гора",
  "capital": "بودغوريتسا",
  "en_capital": "Podgorica",
  "alpha_2": "ME",
  "code": "MNE",
  "phone_code": "382"
  },
  "montserrat": {
  "name_ar": "مونتسيرات",
  "name_en": "Montserrat",
  "native_name": "Montserrat",
  "capital": "بليموث",
  "en_capital": "Plymouth",
  "alpha_2": "MS",
  "code": "MSR",
  "phone_code": "1664"
  },
  "morocco": {
  "name_ar": "المغرب",
  "name_en": "Morocco",
  "native_name": "المغرب",
  "capital": "الرباط",
  "en_capital": "Rabat",
  "alpha_2": "MA",
  "code": "MAR",
  "phone_code": "212"
  },
  "mozambique": {
  "name_ar": "موزامبيق",
  "name_en": "Mozambique",
  "native_name": "Moçambique",
  "capital": "مابوتو",
  "en_capital": "Maputo",
  "alpha_2": "MZ",
  "code": "MOZ",
  "phone_code": "258"
  },
  "myanmar": {
  "name_ar": "ميانمار",
  "name_en": "Myanmar",
  "native_name": "Myanma",
  "capital": "نايبيداو",
  "en_capital": "Naypyidaw",
  "alpha_2": "MM",
  "code": "MMR",
  "phone_code": "95"
  },
  "namibia": {
  "name_ar": "ناميبيا",
  "name_en": "Namibia",
  "native_name": "Namibia",
  "capital": "ويندهوك",
  "en_capital": "Windhoek",
  "alpha_2": "NA",
  "code": "NAM",
  "phone_code": "264"
  },
  "nauru": {
  "name_ar": "ناورو",
  "name_en": "Nauru",
  "native_name": "Nauru",
  "capital": "يارن",
  "en_capital": "Yaren",
  "alpha_2": "NR",
  "code": "NRU",
  "phone_code": "674"
  },
  "nepal": {
  "name_ar": "نيبال",
  "name_en": "Nepal",
  "native_name": "नपल",
  "capital": "كاتماندو",
  "en_capital": "Kathmandu",
  "alpha_2": "NP",
  "code": "NPL",
  "phone_code": "977"
  },
  "netherlands": {
  "name_ar": "هولندا",
  "name_en": "Netherlands",
  "native_name": "Nederland",
  "capital": "أمستردام",
  "en_capital": "Amsterdam",
  "alpha_2": "NL",
  "code": "NLD",
  "phone_code": "31"
  },
  "newcaledonia": {
  "name_ar": "كاليدونيا الجديدة",
  "name_en": "New Caledonia",
  "native_name": "Nouvelle-Calédonie",
  "capital": "نوميا",
  "en_capital": "Nouméa",
  "alpha_2": "NC",
  "code": "NCL",
  "phone_code": "687"
  },
  "newzealand": {
  "name_ar": "نيوزيلندا",
  "name_en": "New Zealand",
  "native_name": "New Zealand",
  "capital": "ولينغتون",
  "en_capital": "Wellington",
  "alpha_2": "NZ",
  "code": "NZL",
  "phone_code": "64"
  },
  "nicaragua": {
  "name_ar": "نيكاراغوا",
  "name_en": "Nicaragua",
  "native_name": "Nicaragua",
  "capital": "ماناغوا",
  "en_capital": "Managua",
  "alpha_2": "NI",
  "code": "NIC",
  "phone_code": "505"
  },
  "niger": {
  "name_ar": "النيجر",
  "name_en": "Niger",
  "native_name": "Niger",
  "capital": "نيامي",
  "en_capital": "Niamey",
  "alpha_2": "NE",
  "code": "NER",
  "phone_code": "227"
  },
  "nigeria": {
  "name_ar": "نيجيريا",
  "name_en": "Nigeria",
  "native_name": "Nigeria",
  "capital": "أبوجا",
  "en_capital": "Abuja",
  "alpha_2": "NG",
  "code": "NGA",
  "phone_code": "234"
  },
  "niue": {
  "name_ar": "نيوي",
  "name_en": "Niue",
  "native_name": "Niuē",
  "capital": "العوفي",
  "en_capital": "Alofi",
  "alpha_2": "NU",
  "code": "NIU",
  "phone_code": "683"
  },
  "norfolkisland": {
  "name_ar": "جزيرة نورفولك",
  "name_en": "Norfolk Island",
  "native_name": "Norfolk Island",
  "capital": "كينغستون",
  "en_capital": "Kingston",
  "alpha_2": "NF",
  "code": "NFK",
  "phone_code": "672"
  },
  "northkorea": {
  "name_ar": "كوريا الشمالية",
  "name_en": "North Korea",
  "native_name": "북한",
  "capital": "بيونغ يانغ",
  "en_capital": "Pyongyang",
  "alpha_2": "KP",
  "code": "PRK",
  "phone_code": "850"
  },
  "northernmarianaislands": {
  "name_ar": "جزر ماريانا الشمالية",
  "name_en": "Northern Mariana Islands",
  "native_name": "Northern Mariana Islands",
  "capital": "سايبان",
  "en_capital": "Saipan",
  "alpha_2": "MP",
  "code": "MNP",
  "phone_code": "1670"
  },
  "norway": {
  "name_ar": "النرويج",
  "name_en": "Norway",
  "native_name": "Norge",
  "capital": "أوسلو",
  "en_capital": "Oslo",
  "alpha_2": "NO",
  "code": "NOR",
  "phone_code": "47"
  },
  "oman": {
  "name_ar": "عمان",
  "name_en": "Oman",
  "native_name": "عمان",
  "capital": "مسقط",
  "en_capital": "Muscat",
  "alpha_2": "OM",
  "code": "OMN",
  "phone_code": "968"
  },
  "pakistan": {
  "name_ar": "باكستان",
  "name_en": "Pakistan",
  "native_name": "Pakistan",
  "capital": "إسلام أباد",
  "en_capital": "Islamabad",
  "alpha_2": "PK",
  "code": "PAK",
  "phone_code": "92"
  },
  "palau": {
  "name_ar": "بالاو",
  "name_en": "Palau",
  "native_name": "Palau",
  "capital": "Ngerulmud",
  "en_capital": "Ngerulmud",
  "alpha_2": "PW",
  "code": "PLW",
  "phone_code": "680"
  },
  "palestine": {
  "name_ar": "فلسطين",
  "name_en": "Palestine",
  "native_name": "فلسطين",
  "capital": "القدس",
  "en_capital": "Jerusalem",
  "alpha_2": "PS",
  "code": "PSE",
  "phone_code": "970"
  },
  "panama": {
  "name_ar": "بنما",
  "name_en": "Panama",
  "native_name": "Panamá",
  "capital": "مدينة بنما",
  "en_capital": "Panama City",
  "alpha_2": "PA",
  "code": "PAN",
  "phone_code": "507"
  },
  "papuanewguinea": {
  "name_ar": "بابوا غينيا الجديدة",
  "name_en": "Papua New Guinea",
  "native_name": "Papua Niugini",
  "capital": "بورت مورسبي",
  "en_capital": "Port Moresby",
  "alpha_2": "PG",
  "code": "PNG",
  "phone_code": "675"
  },
  "paraguay": {
  "name_ar": "باراغواي",
  "name_en": "Paraguay",
  "native_name": "Paraguay",
  "capital": "أسونسيون",
  "en_capital": "Asunción",
  "alpha_2": "PY",
  "code": "PRY",
  "phone_code": "595"
  },
  "peru": {
  "name_ar": "بيرو",
  "name_en": "Peru",
  "native_name": "Perú",
  "capital": "ليما",
  "en_capital": "Lima",
  "alpha_2": "PE",
  "code": "PER",
  "phone_code": "51"
  },
  "philippines": {
  "name_ar": "الفلبين",
  "name_en": "Philippines",
  "native_name": "Pilipinas",
  "capital": "مانيلا",
  "en_capital": "Manila",
  "alpha_2": "PH",
  "code": "PHL",
  "phone_code": "63"
  },
  "pitcairnislands": {
  "name_ar": "جزر بيتكيرن",
  "name_en": "Pitcairn Islands",
  "native_name": "Pitcairn Islands",
  "capital": "آدمزتاون",
  "en_capital": "Adamstown",
  "alpha_2": "PN",
  "code": "PCN",
  "phone_code": "64"
  },
  "poland": {
  "name_ar": "بولندا",
  "name_en": "Poland",
  "native_name": "Polska",
  "capital": "وارسو",
  "en_capital": "Warsaw",
  "alpha_2": "PL",
  "code": "POL",
  "phone_code": "48"
  },
  "portugal": {
  "name_ar": "البرتغال",
  "name_en": "Portugal",
  "native_name": "Portugal",
  "capital": "لشبونة",
  "en_capital": "Lisbon",
  "alpha_2": "PT",
  "code": "PRT",
  "phone_code": "351"
  },
  "puertorico": {
  "name_ar": "بورتوريكو",
  "name_en": "Puerto Rico",
  "native_name": "Puerto Rico",
  "capital": "سان خوان",
  "en_capital": "San Juan",
  "alpha_2": "PR",
  "code": "PRI",
  "phone_code": "1787"
  },
  "qatar": {
  "name_ar": "قطر",
  "name_en": "Qatar",
  "native_name": "قطر",
  "capital": "الدوحة",
  "en_capital": "Doha",
  "alpha_2": "QA",
  "code": "QAT",
  "phone_code": "974"
  },
  "republicofkosovo": {
  "name_ar": "جمهورية كوسوفو",
  "name_en": "Republic of Kosovo",
  "native_name": "Republika e Kosovës",
  "capital": "بريشتينا",
  "en_capital": "Pristina",
  "alpha_2": "XK",
  "code": "KOS",
  "phone_code": "383"
  },
  "réunion": {
  "name_ar": "ريونيون",
  "name_en": "Réunion",
  "native_name": "La Réunion",
  "capital": "Saint-Denis",
  "en_capital": "Saint-Denis",
  "alpha_2": "RE",
  "code": "REU",
  "phone_code": "262"
  },
  "romania": {
  "name_ar": "رومانيا",
  "name_en": "Romania",
  "native_name": "România",
  "capital": "بوخارست",
  "en_capital": "Bucharest",
  "alpha_2": "RO",
  "code": "ROU",
  "phone_code": "40"
  },
  "russia": {
  "name_ar": "روسيا",
  "name_en": "Russia",
  "native_name": "Россия",
  "capital": "موسكو",
  "en_capital": "Moscow",
  "alpha_2": "RU",
  "code": "RUS",
  "phone_code": "7"
  },
  "rwanda": {
  "name_ar": "رواندا",
  "name_en": "Rwanda",
  "native_name": "Rwanda",
  "capital": "كيغالي",
  "en_capital": "Kigali",
  "alpha_2": "RW",
  "code": "RWA",
  "phone_code": "250"
  },
  "saintbarthélemy": {
  "name_ar": "سانت بارتيليمي",
  "name_en": "Saint Barthélemy",
  "native_name": "Saint-Barthélemy",
  "capital": "جوستافيا",
  "en_capital": "Gustavia",
  "alpha_2": "BL",
  "code": "BLM",
  "phone_code": "590"
  },
  "saintkittsandnevis": {
  "name_ar": "سانت كيتس ونيفيس",
  "name_en": "Saint Kitts and Nevis",
  "native_name": "Saint Kitts and Nevis",
  "capital": "باستير",
  "en_capital": "Basseterre",
  "alpha_2": "KN",
  "code": "KNA",
  "phone_code": "1869"
  },
  "saintlucia": {
  "name_ar": "سانت لوسيا",
  "name_en": "Saint Lucia",
  "native_name": "Saint Lucia",
  "capital": "كاستريس",
  "en_capital": "Castries",
  "alpha_2": "LC",
  "code": "LCA",
  "phone_code": "1758"
  },
  "saintmartin": {
  "name_ar": "سانت مارتن",
  "name_en": "Saint Martin",
  "native_name": "Saint-Martin",
  "capital": "ماريغوت",
  "en_capital": "Marigot",
  "alpha_2": "MF",
  "code": "MAF",
  "phone_code": "590"
  },
  "saintpierreandmiquelon": {
  "name_ar": "سانت بيير وميكلون",
  "name_en": "Saint Pierre and Miquelon",
  "native_name": "Saint-Pierre-et-Miquelon",
  "capital": "Saint-Pierre",
  "en_capital": "Saint-Pierre",
  "alpha_2": "PM",
  "code": "SPM",
  "phone_code": "508"
  },
  "saintvincentandthegrenadines": {
  "name_ar": "سانت فنسنت وجزر غرينادين",
  "name_en": "Saint Vincent and the Grenadines",
  "native_name": "Saint Vincent and the Grenadines",
  "capital": "كينغستاون",
  "en_capital": "Kingstown",
  "alpha_2": "VC",
  "code": "VCT",
  "phone_code": "1784"
  },
  "samoa": {
  "name_ar": "ساموا",
  "name_en": "Samoa",
  "native_name": "Samoa",
  "capital": "آبيا",
  "en_capital": "Apia",
  "alpha_2": "WS",
  "code": "WSM",
  "phone_code": "685"
  },
  "sanmarino": {
  "name_ar": "سان مارينو",
  "name_en": "San Marino",
  "native_name": "San Marino",
  "capital": "مدينة سان مارينو",
  "en_capital": "City of San Marino",
  "alpha_2": "SM",
  "code": "SMR",
  "phone_code": "378"
  },
  "sãotoméandpríncipe": {
  "name_ar": "ساو تومي وبرينسيبي",
  "name_en": "São Tomé and Príncipe",
  "native_name": "São Tomé e Príncipe",
  "capital": "ساو تومي",
  "en_capital": "São Tomé",
  "alpha_2": "ST",
  "code": "STP",
  "phone_code": "239"
  },
  "saudiarabia": {
  "name_ar": "المملكة العربية السعودية",
  "name_en": "Saudi Arabia",
  "native_name": "العربية السعودية",
  "capital": "الرياض",
  "en_capital": "Riyadh",
  "alpha_2": "SA",
  "code": "SAU",
  "phone_code": "966"
  },
  "senegal": {
  "name_ar": "السنغال",
  "name_en": "Senegal",
  "native_name": "Sénégal",
  "capital": "داكار",
  "en_capital": "Dakar",
  "alpha_2": "SN",
  "code": "SEN",
  "phone_code": "221"
  },
  "serbia": {
  "name_ar": "صربيا",
  "name_en": "Serbia",
  "native_name": "Србија",
  "capital": "بلغراد",
  "en_capital": "Belgrade",
  "alpha_2": "RS",
  "code": "SRB",
  "phone_code": "381"
  },
  "seychelles": {
  "name_ar": "سيشيل",
  "name_en": "Seychelles",
  "native_name": "Seychelles",
  "capital": "فيكتوريا",
  "en_capital": "Victoria",
  "alpha_2": "SC",
  "code": "SYC",
  "phone_code": "248"
  },
  "sierraleone": {
  "name_ar": "سيراليون",
  "name_en": "Sierra Leone",
  "native_name": "Sierra Leone",
  "capital": "فريتاون",
  "en_capital": "Freetown",
  "alpha_2": "SL",
  "code": "SLE",
  "phone_code": "232"
  },
  "singapore": {
  "name_ar": "سنغافورة",
  "name_en": "Singapore",
  "native_name": "Singapore",
  "capital": "سنغافورة",
  "en_capital": "Singapore",
  "alpha_2": "SG",
  "code": "SGP",
  "phone_code": "65"
  },
  "sintmaarten": {
  "name_ar": "سان مارتن",
  "name_en": "Sint Maarten",
  "native_name": "Sint Maarten",
  "capital": "فلسبرغ",
  "en_capital": "Philipsburg",
  "alpha_2": "SX",
  "code": "SXM",
  "phone_code": "1721"
  },
  "slovakia": {
  "name_ar": "سلوفاكيا",
  "name_en": "Slovakia",
  "native_name": "Slovensko",
  "capital": "براتيسلافا",
  "en_capital": "Bratislava",
  "alpha_2": "SK",
  "code": "SVK",
  "phone_code": "421"
  },
  "slovenia": {
  "name_ar": "سلوفينيا",
  "name_en": "Slovenia",
  "native_name": "Slovenija",
  "capital": "ليوبليانا",
  "en_capital": "Ljubljana",
  "alpha_2": "SI",
  "code": "SVN",
  "phone_code": "386"
  },
  "solomonislands": {
  "name_ar": "جزر سليمان",
  "name_en": "Solomon Islands",
  "native_name": "Solomon Islands",
  "capital": "هونيارا",
  "en_capital": "Honiara",
  "alpha_2": "SB",
  "code": "SLB",
  "phone_code": "677"
  },
  "somalia": {
  "name_ar": "الصومال",
  "name_en": "Somalia",
  "native_name": "Soomaaliya",
  "capital": "مقديشو",
  "en_capital": "Mogadishu",
  "alpha_2": "SO",
  "code": "SOM",
  "phone_code": "252"
  },
  "southafrica": {
  "name_ar": "جنوب أفريقيا",
  "name_en": "South Africa",
  "native_name": "South Africa",
  "capital": "بريتوريا",
  "en_capital": "Pretoria",
  "alpha_2": "ZA",
  "code": "ZAF",
  "phone_code": "27"
  },
  "southgeorgia": {
  "name_ar": "جورجيا الجنوبية",
  "name_en": "South Georgia",
  "native_name": "South Georgia",
  "capital": "الملك إدوارد نقطة",
  "en_capital": "King Edward Point",
  "alpha_2": "GS",
  "code": "SGS",
  "phone_code": "500"
  },
  "southkorea": {
  "name_ar": "كوريا الجنوبية",
  "name_en": "South Korea",
  "native_name": "대한민국",
  "capital": "سيول",
  "en_capital": "Seoul",
  "alpha_2": "KR",
  "code": "KOR",
  "phone_code": "82"
  },
  "southsudan": {
  "name_ar": "جنوب السودان",
  "name_en": "South Sudan",
  "native_name": "South Sudan",
  "capital": "جوبا",
  "en_capital": "Juba",
  "alpha_2": "SS",
  "code": "SSD",
  "phone_code": "211"
  },
  "spain": {
  "name_ar": "إسبانيا",
  "name_en": "Spain",
  "native_name": "España",
  "capital": "مدريد",
  "en_capital": "Madrid",
  "alpha_2": "ES",
  "code": "ESP",
  "phone_code": "34"
  },
  "srilanka": {
  "name_ar": "سري لانكا",
  "name_en": "Sri Lanka",
  "native_name": "śrī laṃkāva",
  "capital": "كولومبو",
  "en_capital": "Colombo",
  "alpha_2": "LK",
  "code": "LKA",
  "phone_code": "94"
  },
  "sudan": {
  "name_ar": "السودان",
  "name_en": "Sudan",
  "native_name": "السودان",
  "capital": "الخرطوم",
  "en_capital": "Khartoum",
  "alpha_2": "SD",
  "code": "SDN",
  "phone_code": "249"
  },
  "suriname": {
  "name_ar": "سورينام",
  "name_en": "Suriname",
  "native_name": "Suriname",
  "capital": "باراماريبو",
  "en_capital": "Paramaribo",
  "alpha_2": "SR",
  "code": "SUR",
  "phone_code": "597"
  },
  "svalbardandjanmayen": {
  "name_ar": "سفالبارد وجان مايان",
  "name_en": "Svalbard and Jan Mayen",
  "native_name": "Svalbard og Jan Mayen",
  "capital": "لونجييربن",
  "en_capital": "Longyearbyen",
  "alpha_2": "SJ",
  "code": "SJM",
  "phone_code": "4779"
  },
  "swaziland": {
  "name_ar": "سوازيلند",
  "name_en": "Swaziland",
  "native_name": "Swaziland",
  "capital": "Lobamba",
  "en_capital": "Lobamba",
  "alpha_2": "SZ",
  "code": "SWZ",
  "phone_code": "268"
  },
  "sweden": {
  "name_ar": "السويد",
  "name_en": "Sweden",
  "native_name": "Sverige",
  "capital": "ستوكهولم",
  "en_capital": "Stockholm",
  "alpha_2": "SE",
  "code": "SWE",
  "phone_code": "46"
  },
  "switzerland": {
  "name_ar": "سويسرا",
  "name_en": "Switzerland",
  "native_name": "Schweiz",
  "capital": "برن",
  "en_capital": "Bern",
  "alpha_2": "CH",
  "code": "CHE",
  "phone_code": "41"
  },
  "syria": {
  "name_ar": "سوريا",
  "name_en": "Syria",
  "native_name": "سوريا",
  "capital": "دمشق",
  "en_capital": "Damascus",
  "alpha_2": "SY",
  "code": "SYR",
  "phone_code": "963"
  },
  "taiwan": {
  "name_ar": "تايوان",
  "name_en": "Taiwan",
  "native_name": "臺灣",
  "capital": "تايبيه",
  "en_capital": "Taipei",
  "alpha_2": "TW",
  "code": "TWN",
  "phone_code": "886"
  },
  "tajikistan": {
  "name_ar": "طاجيكستان",
  "name_en": "Tajikistan",
  "native_name": "Тоҷикистон",
  "capital": "دوشانبي",
  "en_capital": "Dushanbe",
  "alpha_2": "TJ",
  "code": "TJK",
  "phone_code": "992"
  },
  "tanzania": {
  "name_ar": "تنزانيا",
  "name_en": "Tanzania",
  "native_name": "Tanzania",
  "capital": "دودوما",
  "en_capital": "Dodoma",
  "alpha_2": "TZ",
  "code": "TZA",
  "phone_code": "255"
  },
  "thailand": {
  "name_ar": "تايلند",
  "name_en": "Thailand",
  "native_name": "ประเทศไทย",
  "capital": "بانكوك",
  "en_capital": "Bangkok",
  "alpha_2": "TH",
  "code": "THA",
  "phone_code": "66"
  },
  "easttimor": {
  "name_ar": "تيمور الشرقية",
  "name_en": "East Timor",
  "native_name": "Timor-Leste",
  "capital": "ديلي",
  "en_capital": "Dili",
  "alpha_2": "TL",
  "code": "TLS",
  "phone_code": "670"
  },
  "togo": {
  "name_ar": "توغو",
  "name_en": "Togo",
  "native_name": "Togo",
  "capital": "لومي",
  "en_capital": "Lomé",
  "alpha_2": "TG",
  "code": "TGO",
  "phone_code": "228"
  },
  "tokelau": {
  "name_ar": "توكيلاو",
  "name_en": "Tokelau",
  "native_name": "Tokelau",
  "capital": "فاكاوفو",
  "en_capital": "Fakaofo",
  "alpha_2": "TK",
  "code": "TKL",
  "phone_code": "690"
  },
  "tonga": {
  "name_ar": "تونغا",
  "name_en": "Tonga",
  "native_name": "Tonga",
  "capital": "Nuku'alofa",
  "en_capital": "Nuku'alofa",
  "alpha_2": "TO",
  "code": "TON",
  "phone_code": "676"
  },
  "trinidadandtobago": {
  "name_ar": "ترينيداد وتوباغو",
  "name_en": "Trinidad and Tobago",
  "native_name": "Trinidad and Tobago",
  "capital": "ميناء أسبانيا",
  "en_capital": "Port of Spain",
  "alpha_2": "TT",
  "code": "TTO",
  "phone_code": "1868"
  },
  "tunisia": {
  "name_ar": "تونس",
  "name_en": "Tunisia",
  "native_name": "تونس",
  "capital": "تونس",
  "en_capital": "Tunis",
  "alpha_2": "TN",
  "code": "TUN",
  "phone_code": "216"
  },
  "turkey": {
  "name_ar": "تركيا",
  "name_en": "Turkey",
  "native_name": "Türkiye",
  "capital": "أنقرة",
  "en_capital": "Ankara",
  "alpha_2": "TR",
  "code": "TUR",
  "phone_code": "90"
  },
  "turkmenistan": {
  "name_ar": "تركمانستان",
  "name_en": "Turkmenistan",
  "native_name": "Türkmenistan",
  "capital": "عشق أباد",
  "en_capital": "Ashgabat",
  "alpha_2": "TM",
  "code": "TKM",
  "phone_code": "993"
  },
  "turksandcaicosislands": {
  "name_ar": "جزر تركس وكايكوس",
  "name_en": "Turks and Caicos Islands",
  "native_name": "Turks and Caicos Islands",
  "capital": "كوكبرن تاون",
  "en_capital": "Cockburn Town",
  "alpha_2": "TC",
  "code": "TCA",
  "phone_code": "1649"
  },
  "tuvalu": {
  "name_ar": "توفالو",
  "name_en": "Tuvalu",
  "native_name": "Tuvalu",
  "capital": "فونافوتي",
  "en_capital": "Funafuti",
  "alpha_2": "TV",
  "code": "TUV",
  "phone_code": "688"
  },
  "uganda": {
  "name_ar": "أوغندا",
  "name_en": "Uganda",
  "native_name": "Uganda",
  "capital": "كمبالا",
  "en_capital": "Kampala",
  "alpha_2": "UG",
  "code": "UGA",
  "phone_code": "256"
  },
  "ukraine": {
  "name_ar": "أوكرانيا",
  "name_en": "Ukraine",
  "native_name": "Україна",
  "capital": "كييف",
  "en_capital": "Kiev",
  "alpha_2": "UA",
  "code": "UKR",
  "phone_code": "380"
  },
  "unitedarabemirates": {
  "name_ar": "الإمارات العربية المتحدة",
  "name_en": "United Arab Emirates",
  "native_name": "دولة الإمارات العربية المتحدة",
  "capital": "أبو ظبي",
  "en_capital": "Abu Dhabi",
  "alpha_2": "AE",
  "code": "ARE",
  "phone_code": "971"
  },
  "unitedkingdom": {
  "name_ar": "المملكة المتحدة",
  "name_en": "United Kingdom",
  "native_name": "United Kingdom",
  "capital": "لندن",
  "en_capital": "London",
  "alpha_2": "GB",
  "code": "GBR",
  "phone_code": "44"
  },
  "unitedstates": {
  "name_ar": "الولايات المتحدة",
  "name_en": "United States",
  "native_name": "United States",
  "capital": "واشنطن العاصمة",
  "en_capital": "Washington D.C.",
  "alpha_2": "US",
  "code": "USA",
  "phone_code": "1"
  },
  "uruguay": {
  "name_ar": "أوروغواي",
  "name_en": "Uruguay",
  "native_name": "Uruguay",
  "capital": "مونتيفيديو",
  "en_capital": "Montevideo",
  "alpha_2": "UY",
  "code": "URY",
  "phone_code": "598"
  },
  "uzbekistan": {
  "name_ar": "أوزبكستان",
  "name_en": "Uzbekistan",
  "native_name": "O‘zbekiston",
  "capital": "طشقند",
  "en_capital": "Tashkent",
  "alpha_2": "UZ",
  "code": "UZB",
  "phone_code": "998"
  },
  "vanuatu": {
  "name_ar": "فانواتو",
  "name_en": "Vanuatu",
  "native_name": "Vanuatu",
  "capital": "بورت فيلا",
  "en_capital": "Port Vila",
  "alpha_2": "VU",
  "code": "VUT",
  "phone_code": "678"
  },
  "venezuela": {
  "name_ar": "فنزويلا",
  "name_en": "Venezuela",
  "native_name": "Venezuela",
  "capital": "كاراكاس",
  "en_capital": "Caracas",
  "alpha_2": "VE",
  "code": "VEN",
  "phone_code": "58"
  },
  "vietnam": {
  "name_ar": "فيتنام",
  "name_en": "Vietnam",
  "native_name": "Việt Nam",
  "capital": "هانوي",
  "en_capital": "Hanoi",
  "alpha_2": "VN",
  "code": "VNM",
  "phone_code": "84"
  },
  "wallisandfutuna": {
  "name_ar": "واليس وفوتونا",
  "name_en": "Wallis and Futuna",
  "native_name": "Wallis et Futuna",
  "capital": "ماتايوتو",
  "en_capital": "Mata-Utu",
  "alpha_2": "WF",
  "code": "WLF",
  "phone_code": "681"
  },
  "westernsahara": {
  "name_ar": "الصحراء الغربية",
  "name_en": "Western Sahara",
  "native_name": "الصحراء الغربية",
  "capital": "العيون",
  "en_capital": "El Aaiún",
  "alpha_2": "EH",
  "code": "ESH",
  "phone_code": "212"
  },
  "yemen": {
  "name_ar": "اليمن",
  "name_en": "Yemen",
  "native_name": "اليَمَن",
  "capital": "صنعاء",
  "en_capital": "Sana'a",
  "alpha_2": "YE",
  "code": "YEM",
  "phone_code": "967"
  },
  "zambia": {
  "name_ar": "زامبيا",
  "name_en": "Zambia",
  "native_name": "Zambia",
  "capital": "لوساكا",
  "en_capital": "Lusaka",
  "alpha_2": "ZM",
  "code": "ZMB",
  "phone_code": "260"
  },
  "zimbabwe": {
  "name_ar": "زمبابوي",
  "name_en": "Zimbabwe",
  "native_name": "Zimbabwe",
  "capital": "هراري",
  "en_capital": "Harare",
  "alpha_2": "ZW",
  "code": "ZWE",
  "phone_code": "263"
  }
  }
