{
  "Afghan": "أفغاني",
  "Albanian": "ألباني",
  "Algerian": "جزائري",
  "American": "أمريكي",
  "Andorran": "أندوري",
  "Angolan": "أنغولي",
  "Antiguans": "انتيغوا",
  "Argentinean": "أرجنتيني",
  "Armenian": "أرميني",
  "Australian": "أسترالي",
  "Austrian": "نمساوي",
  "Azerbaijani": "أذربيجاني",
  "Bahamian": "باهامى",
  "Bahraini": "بحريني",
  "Bangladeshi": "بنجلاديشي",
  "Barbadian": "باربادوسي",
  "Barbudans": "بربودا",
  "Batswana": "بوتسواني",
  "Belarusian": "بيلاروسي",
  "Belgian": "بلجيكي",
  "Belizean": "بليزي",
  "Beninese": "بنيني",
  "Bhutanese": "بوتاني",
  "Bolivian": "بوليفي",
  "Bosnian": "بوسني",
  "Brazilian": "برازيلي",
  "British": "بريطاني",
  "Bruneian": "بروناى",
  "Bulgarian": "بلغاري",
  "Burkinabe": "بوركيني",
  "Burmese": "بورمي",
  "Burundian": "بوروندي",
  "Cambodian": "كمبودي",
  "Cameroonian": "كاميروني",
  "Canadian": "كندي",
  "Cape Verdean": "االرأس الأخضر",
  "Central African": "وسط أفريقيا",
  "Chadian": "تشادي",
  "Chilean": "شيلي",
  "Chinese": "صينى",
  "Colombian": "كولومبي",
  "Comoran": "جزر القمر",
  "Congolese": "كونغولي",
  "Costa Rican": "كوستاريكي",
  "Croatian": "كرواتية",
  "Cuban": "كوبي",
  "Cypriot": "قبرصي",
  "Czech": "تشيكي",
  "Danish": "دانماركي",
  "Djibouti": "جيبوتي",
  "Dominican": "دومينيكاني",
  "Dutch": "هولندي",
  "East Timorese": "تيموري شرقي",
  "Ecuadorean": "اكوادوري",
  "Egyptian": "مصري",
  "Emirian": "إماراتي",
  "Equatorial Guinean": "غيني  استوائي",
  "Eritrean": "إريتري",
  "Estonian": "إستوني",
  "Ethiopian": "حبشي",
  "Fijian": "فيجي",
  "Filipino": "فلبيني",
  "Finnish": "فنلندي",
  "French": "فرنسي",
  "Gabonese": "جابوني",
  "Gambian": "غامبيي",
  "Georgian": "جورجي",
  "German": "ألماني",
  "Ghanaian": "غاني",
  "Greek": "إغريقي",
  "Grenadian": "جرينادي",
  "Guatemalan": "غواتيمالي",
  "Guinea-Bissauan": "غيني بيساوي",
  "Guinean": "غيني",
  "Guyanese": "جوياني",
  "Haitian": "هايتي",
  "Herzegovinian": "هرسكي",
  "Honduran": "هندوراسي",
  "Hungarian": "هنغاري",
  "Icelander": "إيسلندي",
  "Indian": "هندي",
  "Indonesian": "إندونيسي",
  "Iranian": "إيراني",
  "Iraqi": "عراقي",
  "Irish": "إيرلندي",
  "Italian": "إيطالي",
  "Ivorian": "إفواري",
  "Jamaican": "جامايكي",
  "Japanese": "ياباني",
  "Jordanian": "أردني",
  "Kazakhstani": "كازاخستاني",
  "Kenyan": "كيني",
  "Kittian and Nevisian": "كيتياني ونيفيسياني",
  "Kuwaiti": "كويتي",
  "Kyrgyz": "قيرغيزستان",
  "Laotian": "لاوسي",
  "Latvian": "لاتفي",
  "Lebanese": "لبناني",
  "Liberian": "ليبيري",
  "Libyan": "ليبي",
  "Liechtensteiner": "ليختنشتايني",
  "Lithuanian": "لتواني",
  "Luxembourger": "لكسمبرغي",
  "Macedonian": "مقدوني",
  "Malagasy": "مدغشقري",
  "Malawian": "مالاوى",
  "Malaysian": "ماليزي",
  "Maldivan": "مالديفي",
  "Malian": "مالي",
  "Maltese": "مالطي",
  "Marshallese": "مارشالي",
  "Mauritanian": "موريتاني",
  "Mauritian": "موريشيوسي",
  "Mexican": "مكسيكي",
  "Micronesian": "ميكرونيزي",
  "Moldovan": "مولدوفي",
  "Monacan": "موناكو",
  "Mongolian": "منغولي",
  "Moroccan": "مغربي",
  "Mosotho": "ليسوتو",
  "Motswana": "لتسواني",
  "Mozambican": "موزمبيقي",
  "Namibian": "ناميبي",
  "Nauruan": "ناورو",
  "Nepalese": "نيبالي",
  "New Zealander": "نيوزيلندي",
  "Ni-Vanuatu": "ني فانواتي",
  "Nicaraguan": "نيكاراغوا",
  "Nigerien": "نيجري",
  "North Korean": "كوري شمالي",
  "Northern Irish": "إيرلندي شمالي",
  "Norwegian": "نرويجي",
  "Omani": "عماني",
  "Pakistani": "باكستاني",
  "Palauan": "بالاوي",
  "Palestinian": "فلسطيني",
  "Panamanian": "بنمي",
  "Papua New Guinean": "بابوا غينيا الجديدة",
  "Paraguayan": "باراغواياني",
  "Peruvian": "بيروفي",
  "Polish": "بولندي",
  "Portuguese": "برتغالي",
  "Qatari": "قطري",
  "Romanian": "روماني",
  "Russian": "روسي",
  "Rwandan": "رواندي",
  "Saint Lucian": "لوسياني",
  "Salvadoran": "سلفادوري",
  "Samoan": "ساموايان",
  "San Marinese": "سان مارينيز",
  "Sao Tomean": "ساو توميان",
  "Saudi": "سعودي",
  "Scottish": "سكتلندي",
  "Senegalese": "سنغالي",
  "Serbian": "صربي",
  "Seychellois": "سيشلي",
  "Sierra Leonean": "سيرا ليوني",
  "Singaporean": "سنغافوري",
  "Slovakian": "سلوفاكي",
  "Slovenian": "سلوفيني",
  "Solomon Islander": "جزر سليمان",
  "Somali": "صومالي",
  "South African": "جنوب افريقيي",
  "South Korean": "كوري جنوبي",
  "Spanish": "إسباني",
  "Sri Lankan": "سري لانكي",
  "Sudanese": "سوداني",
  "Surinamer": "سورينامي",
  "Swazi": "سوازي",
  "Swedish": "سويدي",
  "Swiss": "سويسري",
  "Syrian": "سوري",
  "Taiwanese": "تايواني",
  "Tajik": "طاجيكي",
  "Tanzanian": "تنزاني",
  "Thai": "التايلاندي",
  "Togolese": "توغواني",
  "Tongan": "تونجاني",
  "Trinidadian or Tobagonian": "ترينيدادي أو توباغوني",
  "Tunisian": "تونسي",
  "Turkish": "تركي",
  "Tuvaluan": "توفالي",
  "Ugandan": "أوغندي",
  "Ukrainian": "أوكراني",
  "Uruguayan": "أوروجواي",
  "Uzbekistani": "أوزبكستاني",
  "Venezuelan": "فنزويلي",
  "Vietnamese": "فيتنامي",
  "Welsh": "ويلزي",
  "Yemenite": "يمني",
  "Zambian": "زامبي",
  "Zimbabwean": "زيمبابوي"
}